,class,distance,height,id,width,xmax,xmin,ymax,ymin
0,Exit_sign,2.1213511696331078,1440,2_a_imgs_1.jpg,1920,555,376,846,587
1,Exit_sign,2.1439723522310756,1440,2_a_imgs_10.jpg,1920,286,107,664,382
2,Exit_sign,2.150462948958711,1440,2_a_imgs_2.jpg,1920,531,360,909,642
3,Exit_sign,2.1729918461833684,1440,2_a_imgs_3.jpg,1920,494,331,940,670
4,Exit_sign,2.22881649669425,1440,2_a_imgs_4.jpg,1920,497,332,1046,784
5,Exit_sign,2.2808102051821506,1440,2_a_imgs_5.jpg,1920,467,302,1210,949
6,Exit_sign,2.288567785563808,1440,2_a_imgs_6.jpg,1920,480,320,1134,878
7,Exit_sign,2.319096958216361,1440,2_a_imgs_7.jpg,1920,435,276,937,684
8,Exit_sign,2.1315809378863753,1440,2_a_imgs_8.jpg,1920,414,235,767,496
9,Exit_sign,2.1346233101739625,1440,2_a_imgs_9.jpg,1920,379,208,656,382
10,Exit_sign,2.15825708456268,1440,2_b_imgs_1.jpg,1920,764,613,778,525
11,Exit_sign,2.137310605170096,1440,2_b_imgs_10.jpg,1920,758,605,694,431
12,Exit_sign,2.1495394290789966,1440,2_b_imgs_11.jpg,1920,765,605,671,411
13,Exit_sign,2.131774757653138,1440,2_b_imgs_12.jpg,1920,753,595,644,378
14,Exit_sign,2.1059000993554027,1440,2_b_imgs_13.jpg,1920,735,576,621,352
15,Exit_sign,2.107989150355807,1440,2_b_imgs_14.jpg,1920,702,539,615,346
16,Exit_sign,2.1090400433703635,1440,2_b_imgs_15.jpg,1920,678,517,635,366
17,Exit_sign,2.0999519774388693,1440,2_b_imgs_16.jpg,1920,670,513,678,414
18,Exit_sign,2.092625610684001,1440,2_b_imgs_17.jpg,1920,673,514,726,463
19,Exit_sign,2.114691389413274,1440,2_b_imgs_18.jpg,1920,665,510,767,504
20,Exit_sign,2.104171540490787,1440,2_b_imgs_19.jpg,1920,665,507,799,534
21,Exit_sign,2.128941692384693,1440,2_b_imgs_2.jpg,1920,759,611,787,528
22,Exit_sign,2.1293965438890536,1440,2_b_imgs_20.jpg,1920,667,510,818,555
23,Exit_sign,2.073727796566896,1440,2_b_imgs_21.jpg,1920,670,514,846,577
24,Exit_sign,2.1263781499842,1440,2_b_imgs_22.jpg,1920,665,511,869,605
25,Exit_sign,2.1162870740665807,1440,2_b_imgs_23.jpg,1920,678,517,875,611
26,Exit_sign,2.1012669672733946,1440,2_b_imgs_24.jpg,1920,682,522,897,634
27,Exit_sign,2.1280337472162416,1440,2_b_imgs_25.jpg,1920,674,516,920,658
28,Exit_sign,2.1257296106415087,1440,2_b_imgs_26.jpg,1920,673,511,941,680
29,Exit_sign,2.1110333109757358,1440,2_b_imgs_27.jpg,1920,671,505,959,698
30,Exit_sign,2.1472783425958872,1440,2_b_imgs_28.jpg,1920,659,493,978,713
31,Exit_sign,2.1107511938075385,1440,2_b_imgs_29.jpg,1920,665,498,988,727
32,Exit_sign,2.1742411132568504,1440,2_b_imgs_3.jpg,1920,764,620,794,539
33,Exit_sign,2.099782761796189,1440,2_b_imgs_30.jpg,1920,676,505,1000,739
34,Exit_sign,2.123661108636889,1440,2_b_imgs_31.jpg,1920,673,505,1017,749
35,Exit_sign,2.129693982271187,1440,2_b_imgs_32.jpg,1920,685,523,1029,766
36,Exit_sign,2.148383073930621,1440,2_b_imgs_33.jpg,1920,694,533,1050,786
37,Exit_sign,2.1315154401475542,1440,2_b_imgs_34.jpg,1920,729,567,1056,796
38,Exit_sign,2.1254109681377495,1440,2_b_imgs_35.jpg,1920,746,587,1056,792
39,Exit_sign,2.152837679316061,1440,2_b_imgs_36.jpg,1920,753,598,1055,793
40,Exit_sign,2.1360843771484115,1440,2_b_imgs_37.jpg,1920,764,613,1038,774
41,Exit_sign,2.135736222005337,1440,2_b_imgs_38.jpg,1920,787,636,1025,763
42,Exit_sign,2.109818324447681,1440,2_b_imgs_39.jpg,1920,806,652,1003,746
43,Exit_sign,2.135790113056914,1440,2_b_imgs_4.jpg,1920,762,611,794,537
44,Exit_sign,2.1740472177354335,1440,2_b_imgs_40.jpg,1920,818,672,979,723
45,Exit_sign,2.176311320151763,1440,2_b_imgs_41.jpg,1920,829,686,961,705
46,Exit_sign,2.192550589543928,1440,2_b_imgs_42.jpg,1920,850,704,947,695
47,Exit_sign,2.1700382730597703,1440,2_b_imgs_43.jpg,1920,856,708,920,666
48,Exit_sign,2.185036306873378,1440,2_b_imgs_44.jpg,1920,867,724,891,637
49,Exit_sign,2.2011786895804932,1440,2_b_imgs_45.jpg,1920,878,731,851,598
50,Exit_sign,2.171291109978143,1440,2_b_imgs_46.jpg,1920,879,733,823,569
51,Exit_sign,2.1683699310046274,1440,2_b_imgs_47.jpg,1920,876,727,796,540
52,Exit_sign,2.2005467857816,1440,2_b_imgs_48.jpg,1920,875,725,758,504
53,Exit_sign,2.1221504104803426,1440,2_b_imgs_49.jpg,1920,870,714,731,467
54,Exit_sign,2.1077287683255794,1440,2_b_imgs_5.jpg,1920,762,607,791,526
55,Exit_sign,2.1514995261090952,1440,2_b_imgs_50.jpg,1920,861,702,699,437
56,Exit_sign,2.1773215367948553,1440,2_b_imgs_51.jpg,1920,853,696,673,413
57,Exit_sign,2.1577177508353613,1440,2_b_imgs_52.jpg,1920,835,675,653,389
58,Exit_sign,2.1734859485892395,1440,2_b_imgs_53.jpg,1920,809,654,647,387
59,Exit_sign,2.113044570649397,1440,2_b_imgs_54.jpg,1920,782,619,644,376
60,Exit_sign,2.1300295258262296,1440,2_b_imgs_55.jpg,1920,747,587,629,364
61,Exit_sign,2.162429863132378,1440,2_b_imgs_56.jpg,1920,690,533,611,351
62,Exit_sign,2.1536720302165437,1440,2_b_imgs_57.jpg,1920,664,502,605,343
63,Exit_sign,2.1464285973468007,1440,2_b_imgs_58.jpg,1920,608,454,603,337
64,Exit_sign,2.1725371619033824,1440,2_b_imgs_59.jpg,1920,577,420,608,343
65,Exit_sign,2.129550376342497,1440,2_b_imgs_6.jpg,1920,759,613,778,517
66,Exit_sign,2.173665715562552,1440,2_b_imgs_60.jpg,1920,570,411,617,351
67,Exit_sign,2.1488073486769492,1440,2_b_imgs_61.jpg,1920,568,410,620,352
68,Exit_sign,2.1538733251554123,1440,2_b_imgs_7.jpg,1920,759,610,764,507
69,Exit_sign,2.099649226669716,1440,2_b_imgs_8.jpg,1920,765,617,750,486
70,Exit_sign,2.11640149921141,1440,2_b_imgs_9.jpg,1920,767,616,721,458
71,Exit_sign,2.1784270277318973,1440,2_c_imgs_1.jpg,1920,808,652,846,592
72,Exit_sign,2.2105037256094455,1440,2_c_imgs_10.jpg,1920,761,593,674,420
73,Exit_sign,2.197894771726996,1440,2_c_imgs_11.jpg,1920,759,589,649,389
74,Exit_sign,2.1690346365376834,1440,2_c_imgs_12.jpg,1920,749,575,623,357
75,Exit_sign,2.187032783082194,1440,2_c_imgs_13.jpg,1920,746,570,588,325
76,Exit_sign,2.175055960487186,1440,2_c_imgs_14.jpg,1920,743,568,555,282
77,Exit_sign,2.1946815174665404,1440,2_c_imgs_15.jpg,1920,731,551,521,252
78,Exit_sign,2.194493689747899,1440,2_c_imgs_16.jpg,1920,738,558,518,249
79,Exit_sign,2.1748856876529388,1440,2_c_imgs_17.jpg,1920,731,551,522,251
80,Exit_sign,2.1877178806370052,1440,2_c_imgs_18.jpg,1920,728,549,550,285
81,Exit_sign,2.172686312976383,1440,2_c_imgs_19.jpg,1920,732,558,600,331
82,Exit_sign,2.1467773166774835,1440,2_c_imgs_2.jpg,1920,794,643,850,601
83,Exit_sign,2.1841290543349627,1440,2_c_imgs_20.jpg,1920,734,561,628,367
84,Exit_sign,2.1735530209333107,1440,2_c_imgs_21.jpg,1920,737,566,652,390
85,Exit_sign,2.1910200139267744,1440,2_c_imgs_22.jpg,1920,741,573,676,417
86,Exit_sign,2.17787099387264,1440,2_c_imgs_23.jpg,1920,747,579,708,450
87,Exit_sign,2.198263142158628,1440,2_c_imgs_24.jpg,1920,746,583,732,479
88,Exit_sign,2.182218496851216,1440,2_c_imgs_25.jpg,1920,747,586,771,517
89,Exit_sign,2.2060231154617234,1440,2_c_imgs_26.jpg,1920,744,586,815,562
90,Exit_sign,2.218092412691316,1440,2_c_imgs_27.jpg,1920,750,593,861,610
91,Exit_sign,2.2107938961679197,1440,2_c_imgs_28.jpg,1920,741,587,899,649
92,Exit_sign,2.1961955297551268,1440,2_c_imgs_29.jpg,1920,729,578,940,686
93,Exit_sign,2.168700418131128,1440,2_c_imgs_3.jpg,1920,785,633,849,596
94,Exit_sign,2.2075983808703743,1440,2_c_imgs_30.jpg,1920,726,580,987,732
95,Exit_sign,2.1964461917546627,1440,2_c_imgs_31.jpg,1920,731,583,1032,775
96,Exit_sign,2.1939711651979894,1440,2_c_imgs_32.jpg,1920,712,557,1061,805
97,Exit_sign,2.1792302978541866,1440,2_c_imgs_33.jpg,1920,685,530,1087,824
98,Exit_sign,2.171477128622371,1440,2_c_imgs_34.jpg,1920,634,473,1100,836
99,Exit_sign,2.1710282662598184,1440,2_c_imgs_35.jpg,1920,608,446,1093,827
100,Exit_sign,2.18189939231524,1440,2_c_imgs_36.jpg,1920,584,422,1079,814
101,Exit_sign,2.1923828481208356,1440,2_c_imgs_37.jpg,1920,543,385,1059,794
102,Exit_sign,2.1618376616847113,1440,2_c_imgs_38.jpg,1920,529,367,1052,783
103,Exit_sign,2.1708016192644903,1440,2_c_imgs_39.jpg,1920,499,335,1055,787
104,Exit_sign,2.1344586914867945,1440,2_c_imgs_4.jpg,1920,784,631,850,599
105,Exit_sign,2.192393639971723,1440,2_c_imgs_40.jpg,1920,468,307,1046,778
106,Exit_sign,2.1514276005616844,1440,2_c_imgs_41.jpg,1920,450,282,1047,774
107,Exit_sign,2.1845292303375925,1440,2_c_imgs_42.jpg,1920,443,278,1037,767
108,Exit_sign,2.1976031597032986,1440,2_c_imgs_43.jpg,1920,426,260,1029,760
109,Exit_sign,2.1729985129412963,1440,2_c_imgs_44.jpg,1920,421,254,1025,752
110,Exit_sign,2.191560298380203,1440,2_c_imgs_45.jpg,1920,403,237,1009,737
111,Exit_sign,2.1746247751511016,1440,2_c_imgs_46.jpg,1920,387,217,977,705
112,Exit_sign,2.193475607196332,1440,2_c_imgs_47.jpg,1920,388,216,947,677
113,Exit_sign,2.1742827297911638,1440,2_c_imgs_48.jpg,1920,393,220,917,646
114,Exit_sign,2.163101791156868,1440,2_c_imgs_49.jpg,1920,399,225,884,611
115,Exit_sign,2.2146791547225537,1440,2_c_imgs_5.jpg,1920,782,630,848,598
116,Exit_sign,2.1913526911488774,1440,2_c_imgs_50.jpg,1920,408,235,867,595
117,Exit_sign,2.1808910798828967,1440,2_c_imgs_51.jpg,1920,426,252,837,567
118,Exit_sign,2.1628514777856562,1440,2_c_imgs_52.jpg,1920,437,263,819,548
119,Exit_sign,2.1315978280992867,1440,2_c_imgs_53.jpg,1920,452,279,823,551
120,Exit_sign,2.1784577970504366,1440,2_c_imgs_54.jpg,1920,505,334,820,555
121,Exit_sign,2.1761966934002057,1440,2_c_imgs_55.jpg,1920,534,363,813,550
122,Exit_sign,2.1589335530000917,1440,2_c_imgs_56.jpg,1920,582,416,809,545
123,Exit_sign,2.1564582731793225,1440,2_c_imgs_57.jpg,1920,628,458,806,543
124,Exit_sign,2.1659142401382683,1440,2_c_imgs_58.jpg,1920,648,480,799,539
125,Exit_sign,2.151304894460237,1440,2_c_imgs_59.jpg,1920,691,522,811,549
126,Exit_sign,2.1850405245240667,1440,2_c_imgs_6.jpg,1920,778,619,828,576
127,Exit_sign,2.090677248912905,1440,2_c_imgs_60.jpg,1920,697,534,817,564
128,Exit_sign,2.169170844659845,1440,2_c_imgs_61.jpg,1920,697,533,828,571
129,Exit_sign,2.1744554273806482,1440,2_c_imgs_62.jpg,1920,705,539,835,580
130,Exit_sign,2.192211600352487,1440,2_c_imgs_7.jpg,1920,779,616,791,539
131,Exit_sign,2.1933374377744075,1440,2_c_imgs_8.jpg,1920,779,615,758,506
132,Exit_sign,2.2128268095099353,1440,2_c_imgs_9.jpg,1920,765,601,715,461
133,Exit_sign,3.105044973057189,1440,3_a_imgs_1.jpg,1920,323,202,809,619
134,Exit_sign,3.0323194345158617,1440,3_a_imgs_10.jpg,1920,323,190,862,669
135,Exit_sign,3.039519177807553,1440,3_a_imgs_2.jpg,1920,402,279,825,639
136,Exit_sign,2.766795286972692,1440,3_a_imgs_3.jpg,1920,408,278,524,332
137,Exit_sign,3.0598469740236114,1440,3_a_imgs_4.jpg,1920,346,225,711,526
138,Exit_sign,3.0716283242975053,1440,3_a_imgs_5.jpg,1920,394,278,544,357
139,Exit_sign,2.9744524260151275,1440,3_a_imgs_6.jpg,1920,346,217,729,546
140,Exit_sign,2.8305652795894853,1440,3_a_imgs_7.jpg,1920,321,185,1099,896
141,Exit_sign,3.1339776226380085,1440,3_a_imgs_8.jpg,1920,462,345,978,799
142,Exit_sign,3.0837062569572136,1440,3_a_imgs_9.jpg,1920,370,243,867,680
143,Exit_sign,3.1482169278798318,1440,3_b_imgs_1.jpg,1920,692,589,757,583
144,Exit_sign,3.116443991732881,1440,3_b_imgs_10.jpg,1920,715,609,709,533
145,Exit_sign,3.0674741554058937,1440,3_b_imgs_11.jpg,1920,709,605,684,505
146,Exit_sign,3.091725742666841,1440,3_b_imgs_12.jpg,1920,711,602,656,479
147,Exit_sign,3.0184602441754107,1440,3_b_imgs_13.jpg,1920,706,595,634,456
148,Exit_sign,3.037636130022514,1440,3_b_imgs_14.jpg,1920,706,598,611,428
149,Exit_sign,3.0948028239651295,1440,3_b_imgs_15.jpg,1920,696,589,612,432
150,Exit_sign,3.1208150771093,1440,3_b_imgs_16.jpg,1920,691,583,642,465
151,Exit_sign,3.1050708583464255,1440,3_b_imgs_17.jpg,1920,676,572,685,506
152,Exit_sign,3.1302170227116823,1440,3_b_imgs_18.jpg,1920,676,569,720,542
153,Exit_sign,3.1103665674021777,1440,3_b_imgs_19.jpg,1920,673,566,768,591
154,Exit_sign,2.991881335632937,1440,3_b_imgs_2.jpg,1920,687,578,776,600
155,Exit_sign,3.0582269367647195,1440,3_b_imgs_20.jpg,1920,668,561,822,643
156,Exit_sign,3.0679891437469227,1440,3_b_imgs_21.jpg,1920,664,555,873,698
157,Exit_sign,3.083881715822308,1440,3_b_imgs_22.jpg,1920,662,551,917,739
158,Exit_sign,3.116988519989419,1440,3_b_imgs_23.jpg,1920,662,552,938,760
159,Exit_sign,3.133604559367049,1440,3_b_imgs_24.jpg,1920,660,549,964,786
160,Exit_sign,3.1075846615519263,1440,3_b_imgs_25.jpg,1920,640,526,997,817
161,Exit_sign,3.002779711810434,1440,3_b_imgs_26.jpg,1920,620,501,1019,837
162,Exit_sign,3.1324413123949233,1440,3_b_imgs_27.jpg,1920,596,482,1023,842
163,Exit_sign,3.131440578548813,1440,3_b_imgs_28.jpg,1920,561,443,1016,833
164,Exit_sign,3.092986076164112,1440,3_b_imgs_29.jpg,1920,538,420,997,813
165,Exit_sign,2.894165064981068,1440,3_b_imgs_3.jpg,1920,690,573,773,595
166,Exit_sign,3.145379711553705,1440,3_b_imgs_30.jpg,1920,520,404,984,802
167,Exit_sign,3.0710754444978914,1440,3_b_imgs_31.jpg,1920,513,393,977,794
168,Exit_sign,3.1187036989180283,1440,3_b_imgs_32.jpg,1920,521,404,967,784
169,Exit_sign,3.1475183211049247,1440,3_b_imgs_33.jpg,1920,538,424,958,777
170,Exit_sign,3.1313639766570023,1440,3_b_imgs_34.jpg,1920,567,454,950,769
171,Exit_sign,3.0896827414022083,1440,3_b_imgs_35.jpg,1920,594,481,934,751
172,Exit_sign,3.1489856398613716,1440,3_b_imgs_36.jpg,1920,615,506,915,737
173,Exit_sign,3.1193707062258964,1440,3_b_imgs_37.jpg,1920,640,530,906,728
174,Exit_sign,2.9824956009524572,1440,3_b_imgs_38.jpg,1920,658,546,887,711
175,Exit_sign,3.1326039939691404,1440,3_b_imgs_39.jpg,1920,671,566,858,681
176,Exit_sign,3.0192176269954025,1440,3_b_imgs_4.jpg,1920,690,583,770,595
177,Exit_sign,2.955159051539593,1440,3_b_imgs_40.jpg,1920,688,578,834,657
178,Exit_sign,3.0852178549186173,1440,3_b_imgs_41.jpg,1920,700,595,814,637
179,Exit_sign,3.1387914084144684,1440,3_b_imgs_42.jpg,1920,710,606,798,623
180,Exit_sign,3.0798735164071256,1440,3_b_imgs_43.jpg,1920,720,614,778,602
181,Exit_sign,3.0806819436535893,1440,3_b_imgs_44.jpg,1920,731,627,756,581
182,Exit_sign,3.0727736130731644,1440,3_b_imgs_45.jpg,1920,737,632,742,564
183,Exit_sign,3.014657519968683,1440,3_b_imgs_46.jpg,1920,746,639,731,552
184,Exit_sign,3.0865198318630287,1440,3_b_imgs_47.jpg,1920,737,631,714,537
185,Exit_sign,3.132778572307331,1440,3_b_imgs_48.jpg,1920,747,639,691,516
186,Exit_sign,3.0869366344834948,1440,3_b_imgs_49.jpg,1920,764,658,676,501
187,Exit_sign,3.114512869227394,1440,3_b_imgs_5.jpg,1920,691,583,772,597
188,Exit_sign,3.0606326993054958,1440,3_b_imgs_50.jpg,1920,770,664,658,481
189,Exit_sign,3.081747671603292,1440,3_b_imgs_51.jpg,1920,770,661,629,448
190,Exit_sign,3.0815071170008337,1440,3_b_imgs_52.jpg,1920,767,660,599,417
191,Exit_sign,3.007120743394898,1440,3_b_imgs_53.jpg,1920,762,652,584,404
192,Exit_sign,3.0981805707085384,1440,3_b_imgs_54.jpg,1920,750,639,574,393
193,Exit_sign,3.036578450127763,1440,3_b_imgs_55.jpg,1920,735,623,555,370
194,Exit_sign,3.105406916047732,1440,3_b_imgs_56.jpg,1920,725,613,540,357
195,Exit_sign,3.102212675932188,1440,3_b_imgs_57.jpg,1920,717,606,534,351
196,Exit_sign,3.087552079923791,1440,3_b_imgs_58.jpg,1920,706,593,531,348
197,Exit_sign,3.1197865323048575,1440,3_b_imgs_59.jpg,1920,691,581,527,344
198,Exit_sign,2.9925552488900813,1440,3_b_imgs_6.jpg,1920,702,590,771,599
199,Exit_sign,3.088022089111925,1440,3_b_imgs_60.jpg,1920,684,571,537,354
200,Exit_sign,3.04575580545098,1440,3_b_imgs_61.jpg,1920,667,557,540,358
201,Exit_sign,3.1212758258770426,1440,3_b_imgs_62.jpg,1920,652,545,542,360
202,Exit_sign,3.0700691028471128,1440,3_b_imgs_63.jpg,1920,630,518,545,361
203,Exit_sign,3.0189151848033333,1440,3_b_imgs_64.jpg,1920,606,496,553,370
204,Exit_sign,3.1310623863197233,1440,3_b_imgs_65.jpg,1920,595,484,554,369
205,Exit_sign,3.16679891458167,1440,3_b_imgs_7.jpg,1920,704,600,766,594
206,Exit_sign,3.0010840241672856,1440,3_b_imgs_8.jpg,1920,715,608,747,575
207,Exit_sign,3.011689583623459,1440,3_b_imgs_9.jpg,1920,717,610,731,555
208,Exit_sign,2.984901387819024,1440,3_c_imgs_1.jpg,1920,541,425,869,684
209,Exit_sign,2.9486278648705664,1440,3_c_imgs_10.jpg,1920,550,434,943,760
210,Exit_sign,3.0616787893754585,1440,3_c_imgs_11.jpg,1920,547,431,953,770
211,Exit_sign,3.0815534893197785,1440,3_c_imgs_12.jpg,1920,547,429,950,767
212,Exit_sign,2.962326995487511,1440,3_c_imgs_13.jpg,1920,538,420,943,754
213,Exit_sign,2.9621510113351186,1440,3_c_imgs_14.jpg,1920,538,420,929,745
214,Exit_sign,2.9052387617971003,1440,3_c_imgs_15.jpg,1920,535,414,912,731
215,Exit_sign,3.0165507993075926,1440,3_c_imgs_16.jpg,1920,541,420,908,720
216,Exit_sign,2.9907637927547346,1440,3_c_imgs_17.jpg,1920,538,414,906,719
217,Exit_sign,3.001767881351288,1440,3_c_imgs_18.jpg,1920,538,414,902,717
218,Exit_sign,3.0687411425458864,1440,3_c_imgs_19.jpg,1920,529,407,899,710
219,Exit_sign,2.8835032007354378,1440,3_c_imgs_2.jpg,1920,547,428,876,692
220,Exit_sign,3.057071121354522,1440,3_c_imgs_20.jpg,1920,531,410,882,696
221,Exit_sign,3.0243885845150102,1440,3_c_imgs_21.jpg,1920,535,408,837,652
222,Exit_sign,3.073871276343027,1440,3_c_imgs_22.jpg,1920,532,407,800,613
223,Exit_sign,3.066282051165705,1440,3_c_imgs_23.jpg,1920,527,399,762,580
224,Exit_sign,2.996540691896661,1440,3_c_imgs_24.jpg,1920,512,386,734,548
225,Exit_sign,2.9666317109605003,1440,3_c_imgs_25.jpg,1920,511,381,696,507
226,Exit_sign,3.0192538495079027,1440,3_c_imgs_26.jpg,1920,514,379,652,460
227,Exit_sign,3.0383361333745036,1440,3_c_imgs_27.jpg,1920,512,379,628,439
228,Exit_sign,3.0392115756130287,1440,3_c_imgs_28.jpg,1920,517,386,599,410
229,Exit_sign,3.048560656096268,1440,3_c_imgs_29.jpg,1920,517,381,579,390
230,Exit_sign,3.0243498051299236,1440,3_c_imgs_3.jpg,1920,541,423,872,689
231,Exit_sign,3.0871795312520462,1440,3_c_imgs_30.jpg,1920,500,370,571,382
232,Exit_sign,2.979046556602151,1440,3_c_imgs_31.jpg,1920,484,354,590,399
233,Exit_sign,3.113064794285101,1440,3_c_imgs_32.jpg,1920,488,363,599,411
234,Exit_sign,3.0676688139324204,1440,3_c_imgs_33.jpg,1920,473,346,612,425
235,Exit_sign,3.0060769806635683,1440,3_c_imgs_34.jpg,1920,470,349,658,472
236,Exit_sign,3.1055336776694165,1440,3_c_imgs_35.jpg,1920,465,348,684,498
237,Exit_sign,2.968400502668444,1440,3_c_imgs_36.jpg,1920,468,349,717,531
238,Exit_sign,3.0672678989736704,1440,3_c_imgs_37.jpg,1920,473,357,776,589
239,Exit_sign,3.059020215051711,1440,3_c_imgs_38.jpg,1920,485,369,808,622
240,Exit_sign,3.1191934852841157,1440,3_c_imgs_39.jpg,1920,470,354,841,655
241,Exit_sign,3.0614225306204825,1440,3_c_imgs_4.jpg,1920,547,432,875,692
242,Exit_sign,3.105545467667309,1440,3_c_imgs_40.jpg,1920,465,349,879,692
243,Exit_sign,2.910618049979238,1440,3_c_imgs_41.jpg,1920,456,335,917,727
244,Exit_sign,3.0194191815943983,1440,3_c_imgs_42.jpg,1920,449,329,926,733
245,Exit_sign,3.0272894889450823,1440,3_c_imgs_43.jpg,1920,449,325,944,757
246,Exit_sign,3.03703928281327,1440,3_c_imgs_44.jpg,1920,452,326,990,801
247,Exit_sign,3.02480685589029,1440,3_c_imgs_45.jpg,1920,447,325,1025,831
248,Exit_sign,3.0810773895856007,1440,3_c_imgs_46.jpg,1920,458,335,1034,845
249,Exit_sign,3.063636124389456,1440,3_c_imgs_47.jpg,1920,487,369,1055,866
250,Exit_sign,3.0371571205609285,1440,3_c_imgs_48.jpg,1920,490,373,1078,887
251,Exit_sign,2.961071378178795,1440,3_c_imgs_49.jpg,1920,508,386,1088,896
252,Exit_sign,3.0194012262471364,1440,3_c_imgs_5.jpg,1920,550,432,875,690
253,Exit_sign,2.8639773186472866,1440,3_c_imgs_50.jpg,1920,529,407,1075,889
254,Exit_sign,2.9984364992805763,1440,3_c_imgs_51.jpg,1920,532,411,1102,913
255,Exit_sign,3.0125924882891164,1440,3_c_imgs_52.jpg,1920,543,423,1116,927
256,Exit_sign,3.065715562266578,1440,3_c_imgs_53.jpg,1920,564,449,1103,916
257,Exit_sign,3.0183163771572517,1440,3_c_imgs_54.jpg,1920,593,475,1094,907
258,Exit_sign,3.0802947104063314,1440,3_c_imgs_55.jpg,1920,596,484,1087,904
259,Exit_sign,3.057553742949678,1440,3_c_imgs_56.jpg,1920,626,514,1093,904
260,Exit_sign,2.9924325992405865,1440,3_c_imgs_57.jpg,1920,632,519,1081,890
261,Exit_sign,3.0985631873814055,1440,3_c_imgs_58.jpg,1920,626,517,1063,878
262,Exit_sign,3.0261533214586014,1440,3_c_imgs_6.jpg,1920,547,432,885,699
263,Exit_sign,3.0199862632294003,1440,3_c_imgs_7.jpg,1920,549,431,894,711
264,Exit_sign,3.072602421395512,1440,3_c_imgs_8.jpg,1920,550,436,919,734
265,Exit_sign,3.0640380959104134,1440,3_c_imgs_9.jpg,1920,543,428,935,749
266,Exit_sign,2.5989704728770953,1440,3_d_imgs_1.jpg,1920,443,308,956,774
267,Exit_sign,2.808171715985259,1440,3_d_imgs_10.jpg,1920,346,199,1217,1021
268,Exit_sign,2.8541598037570934,1440,3_d_imgs_13.jpg,1920,500,348,725,542
269,Exit_sign,2.7446496428485574,1440,3_d_imgs_16.jpg,1920,488,351,1043,855
270,Exit_sign,2.755276278573916,1440,3_d_imgs_17.jpg,1920,317,169,1100,893
271,Exit_sign,2.8452631517587603,1440,3_d_imgs_2.jpg,1920,417,275,979,796
272,Exit_sign,2.632729648246207,1440,3_d_imgs_3.jpg,1920,476,332,738,557
273,Exit_sign,2.949199997556288,1440,3_d_imgs_4.jpg,1920,409,273,978,789
274,Exit_sign,2.8651255675730556,1440,3_d_imgs_6.jpg,1920,412,254,496,302
275,Exit_sign,2.814304719203059,1440,3_d_imgs_7.jpg,1920,427,292,1061,871
276,Exit_sign,4.002641063460947,1440,4_a_imgs_1.jpg,1920,379,292,790,646
277,Exit_sign,3.958517747269229,1440,4_a_imgs_10.jpg,1920,254,153,1042,883
278,Exit_sign,3.796994868565017,1440,4_a_imgs_11.jpg,1920,336,238,1031,883
279,Exit_sign,3.9602119002317466,1440,4_a_imgs_12.jpg,1920,287,188,915,761
280,Exit_sign,4.009838038953182,1440,4_a_imgs_13.jpg,1920,443,357,897,753
281,Exit_sign,4.058291237600721,1440,4_a_imgs_2.jpg,1920,374,284,798,654
282,Exit_sign,4.019106654767011,1440,4_a_imgs_3.jpg,1920,363,270,967,818
283,Exit_sign,3.7549461117331075,1440,4_a_imgs_4.jpg,1920,313,200,829,682
284,Exit_sign,3.906325876202751,1440,4_a_imgs_5.jpg,1920,404,304,1153,1005
285,Exit_sign,3.923569201298184,1440,4_a_imgs_6.jpg,1920,343,252,966,814
286,Exit_sign,4.014369921434489,1440,4_a_imgs_7.jpg,1920,321,228,807,661
287,Exit_sign,3.6384809307286075,1440,4_a_imgs_8.jpg,1920,346,242,508,350
288,Exit_sign,3.8421608209523916,1440,4_a_imgs_9.jpg,1920,442,345,735,591
289,Exit_sign,4.063037743860754,1440,4_b_imgs_1.jpg,1920,661,580,810,675
290,Exit_sign,4.0360939815782295,1440,4_b_imgs_10.jpg,1920,665,581,865,728
291,Exit_sign,3.814129803787578,1440,4_b_imgs_11.jpg,1920,683,597,898,762
292,Exit_sign,3.8379388642095456,1440,4_b_imgs_12.jpg,1920,674,587,918,780
293,Exit_sign,3.9497044477792627,1440,4_b_imgs_13.jpg,1920,661,576,936,798
294,Exit_sign,4.005418234453023,1440,4_b_imgs_14.jpg,1920,651,564,958,821
295,Exit_sign,3.87660265171864,1440,4_b_imgs_15.jpg,1920,646,556,978,840
296,Exit_sign,3.9719766977255815,1440,4_b_imgs_16.jpg,1920,621,531,999,859
297,Exit_sign,3.9981729107041604,1440,4_b_imgs_17.jpg,1920,576,486,1018,876
298,Exit_sign,3.89297605491021,1440,4_b_imgs_18.jpg,1920,567,476,1015,872
299,Exit_sign,4.012326644673747,1440,4_b_imgs_19.jpg,1920,573,483,994,855
300,Exit_sign,4.108225783709421,1440,4_b_imgs_2.jpg,1920,655,575,815,681
301,Exit_sign,3.934939449897506,1440,4_b_imgs_20.jpg,1920,580,490,972,832
302,Exit_sign,3.949890436520175,1440,4_b_imgs_21.jpg,1920,582,493,946,806
303,Exit_sign,3.981683752717928,1440,4_b_imgs_22.jpg,1920,593,505,920,783
304,Exit_sign,3.7955968172646317,1440,4_b_imgs_23.jpg,1920,602,515,896,757
305,Exit_sign,4.002287898752569,1440,4_b_imgs_24.jpg,1920,608,523,864,728
306,Exit_sign,3.9401748143418422,1440,4_b_imgs_25.jpg,1920,612,529,837,701
307,Exit_sign,3.910004829353594,1440,4_b_imgs_26.jpg,1920,623,536,808,669
308,Exit_sign,3.9047273505683426,1440,4_b_imgs_27.jpg,1920,621,537,784,646
309,Exit_sign,4.013649414395991,1440,4_b_imgs_28.jpg,1920,621,537,756,619
310,Exit_sign,3.889178871845816,1440,4_b_imgs_29.jpg,1920,629,542,720,581
311,Exit_sign,3.8660286345367467,1440,4_b_imgs_3.jpg,1920,665,578,815,681
312,Exit_sign,3.9405458765233594,1440,4_b_imgs_30.jpg,1920,641,551,674,536
313,Exit_sign,4.023542369784616,1440,4_b_imgs_31.jpg,1920,641,555,642,503
314,Exit_sign,3.8278711151285423,1440,4_b_imgs_32.jpg,1920,646,555,606,467
315,Exit_sign,3.9949974024139565,1440,4_b_imgs_33.jpg,1920,649,559,572,432
316,Exit_sign,4.045566542903667,1440,4_b_imgs_34.jpg,1920,648,560,546,406
317,Exit_sign,3.8614051698552037,1440,4_b_imgs_35.jpg,1920,664,573,526,387
318,Exit_sign,4.048753982962329,1440,4_b_imgs_36.jpg,1920,696,608,491,351
319,Exit_sign,3.9609906617571053,1440,4_b_imgs_37.jpg,1920,723,634,484,341
320,Exit_sign,3.6535359088949586,1440,4_b_imgs_38.jpg,1920,773,678,487,342
321,Exit_sign,3.987723085269235,1440,4_b_imgs_39.jpg,1920,831,744,487,345
322,Exit_sign,3.8938224881305468,1440,4_b_imgs_4.jpg,1920,664,580,815,680
323,Exit_sign,3.9902822643580222,1440,4_b_imgs_40.jpg,1920,835,745,466,322
324,Exit_sign,3.8564931235261706,1440,4_b_imgs_41.jpg,1920,838,746,445,297
325,Exit_sign,3.918583033385355,1440,4_b_imgs_42.jpg,1920,839,748,419,273
326,Exit_sign,3.8922068214371923,1440,4_b_imgs_43.jpg,1920,819,726,390,240
327,Exit_sign,3.9131580080317776,1440,4_b_imgs_44.jpg,1920,797,702,361,212
328,Exit_sign,3.9081188518604875,1440,4_b_imgs_45.jpg,1920,766,672,350,201
329,Exit_sign,3.9114728065227173,1440,4_b_imgs_46.jpg,1920,737,644,352,203
330,Exit_sign,3.871597318520703,1440,4_b_imgs_47.jpg,1920,715,622,356,209
331,Exit_sign,3.9449288410175063,1440,4_b_imgs_48.jpg,1920,668,575,371,223
332,Exit_sign,3.8329631756959937,1440,4_b_imgs_49.jpg,1920,628,533,402,254
333,Exit_sign,3.9027004357967687,1440,4_b_imgs_5.jpg,1920,664,581,815,678
334,Exit_sign,3.911101269801676,1440,4_b_imgs_50.jpg,1920,599,507,424,277
335,Exit_sign,3.937405423629748,1440,4_b_imgs_51.jpg,1920,558,468,457,309
336,Exit_sign,3.933366284301585,1440,4_b_imgs_52.jpg,1920,527,437,486,339
337,Exit_sign,3.8738901219540276,1440,4_b_imgs_53.jpg,1920,504,410,512,365
338,Exit_sign,3.9573217249325348,1440,4_b_imgs_54.jpg,1920,465,374,538,390
339,Exit_sign,3.7863929367622666,1440,4_b_imgs_55.jpg,1920,455,357,564,414
340,Exit_sign,3.920100307637493,1440,4_b_imgs_56.jpg,1920,421,328,596,449
341,Exit_sign,3.986126480303285,1440,4_b_imgs_57.jpg,1920,423,334,614,468
342,Exit_sign,3.986608321306604,1440,4_b_imgs_58.jpg,1920,441,354,646,502
343,Exit_sign,3.861505918014008,1440,4_b_imgs_59.jpg,1920,451,360,677,533
344,Exit_sign,3.420185459502224,1440,4_b_imgs_6.jpg,1920,673,578,818,677
345,Exit_sign,4.0024372826536005,1440,4_b_imgs_60.jpg,1920,449,362,706,564
346,Exit_sign,3.9253555401719122,1440,4_b_imgs_61.jpg,1920,450,361,737,593
347,Exit_sign,3.9171449997242176,1440,4_b_imgs_62.jpg,1920,459,370,767,625
348,Exit_sign,3.963176549211502,1440,4_b_imgs_63.jpg,1920,450,362,788,645
349,Exit_sign,3.7381509226486225,1440,4_b_imgs_64.jpg,1920,456,355,815,669
350,Exit_sign,4.004036648375492,1440,4_b_imgs_65.jpg,1920,451,362,844,702
351,Exit_sign,3.888734962612456,1440,4_b_imgs_66.jpg,1920,448,358,876,732
352,Exit_sign,3.921916169571712,1440,4_b_imgs_67.jpg,1920,447,354,906,760
353,Exit_sign,4.00956503007805,1440,4_b_imgs_68.jpg,1920,451,360,912,771
354,Exit_sign,3.9566011926471845,1440,4_b_imgs_69.jpg,1920,454,361,924,781
355,Exit_sign,3.907394247064467,1440,4_b_imgs_7.jpg,1920,660,576,824,688
356,Exit_sign,3.8031870632902893,1440,4_b_imgs_70.jpg,1920,449,352,931,784
357,Exit_sign,3.8146593281772616,1440,4_b_imgs_8.jpg,1920,666,581,830,695
358,Exit_sign,3.610573148706654,1440,4_b_imgs_9.jpg,1920,665,575,846,707
359,Exit_sign,3.8723442052083485,1440,4_c_imgs_1.jpg,1920,544,455,882,740
360,Exit_sign,3.7080495809994467,1440,4_c_imgs_10.jpg,1920,549,455,905,765
361,Exit_sign,3.7425167109020725,1440,4_c_imgs_11.jpg,1920,546,451,905,763
362,Exit_sign,3.7279687948197484,1440,4_c_imgs_12.jpg,1920,544,454,899,756
363,Exit_sign,3.740135821883451,1440,4_c_imgs_13.jpg,1920,546,452,894,752
364,Exit_sign,3.6146555743502087,1440,4_c_imgs_14.jpg,1920,550,454,888,745
365,Exit_sign,3.7264786180750558,1440,4_c_imgs_15.jpg,1920,544,449,885,745
366,Exit_sign,3.6640150189397995,1440,4_c_imgs_16.jpg,1920,555,458,897,760
367,Exit_sign,3.7834675680141743,1440,4_c_imgs_17.jpg,1920,552,460,937,796
368,Exit_sign,3.7003700103699377,1440,4_c_imgs_18.jpg,1920,553,458,970,827
369,Exit_sign,3.867242842531039,1440,4_c_imgs_19.jpg,1920,550,461,966,825
370,Exit_sign,3.552595042092259,1440,4_c_imgs_2.jpg,1920,544,451,885,743
371,Exit_sign,3.4910848179935217,1440,4_c_imgs_20.jpg,1920,570,475,935,798
372,Exit_sign,3.63973872560684,1440,4_c_imgs_21.jpg,1920,567,470,902,761
373,Exit_sign,3.5362873735477547,1440,4_c_imgs_22.jpg,1920,564,470,876,736
374,Exit_sign,3.7483189669664605,1440,4_c_imgs_23.jpg,1920,550,457,841,698
375,Exit_sign,3.725447900224533,1440,4_c_imgs_24.jpg,1920,532,440,784,643
376,Exit_sign,3.8033954528117806,1440,4_c_imgs_25.jpg,1920,535,440,732,592
377,Exit_sign,3.802576964494903,1440,4_c_imgs_26.jpg,1920,534,440,711,569
378,Exit_sign,3.7339458136233623,1440,4_c_imgs_27.jpg,1920,531,436,694,551
379,Exit_sign,3.7911709376319465,1440,4_c_imgs_28.jpg,1920,540,446,671,531
380,Exit_sign,3.7791533941209177,1440,4_c_imgs_29.jpg,1920,550,455,640,498
381,Exit_sign,3.832906394335891,1440,4_c_imgs_3.jpg,1920,544,454,888,747
382,Exit_sign,3.7522242198249107,1440,4_c_imgs_30.jpg,1920,550,454,606,464
383,Exit_sign,3.9311811695539736,1440,4_c_imgs_31.jpg,1920,562,472,602,460
384,Exit_sign,3.894328095076298,1440,4_c_imgs_32.jpg,1920,571,479,603,463
385,Exit_sign,3.786422658652856,1440,4_c_imgs_33.jpg,1920,579,486,620,476
386,Exit_sign,3.5250023526891687,1440,4_c_imgs_34.jpg,1920,620,526,632,493
387,Exit_sign,3.7405679316331764,1440,4_c_imgs_35.jpg,1920,641,554,646,507
388,Exit_sign,3.7664790869335207,1440,4_c_imgs_36.jpg,1920,655,569,653,511
389,Exit_sign,3.685077633814778,1440,4_c_imgs_37.jpg,1920,662,570,664,523
390,Exit_sign,3.7396554098725105,1440,4_c_imgs_38.jpg,1920,661,570,673,533
391,Exit_sign,3.7276771533023996,1440,4_c_imgs_39.jpg,1920,656,569,682,539
392,Exit_sign,3.8344450829145,1440,4_c_imgs_4.jpg,1920,543,452,888,746
393,Exit_sign,3.738686615123002,1440,4_c_imgs_40.jpg,1920,629,537,714,566
394,Exit_sign,3.579226931551674,1440,4_c_imgs_41.jpg,1920,599,504,715,570
395,Exit_sign,3.7792522440335627,1440,4_c_imgs_42.jpg,1920,574,479,728,584
396,Exit_sign,3.8233431381325182,1440,4_c_imgs_43.jpg,1920,561,467,743,598
397,Exit_sign,3.6959284511432546,1440,4_c_imgs_44.jpg,1920,549,458,755,613
398,Exit_sign,3.7407125322594887,1440,4_c_imgs_45.jpg,1920,552,461,759,617
399,Exit_sign,3.7811324531315926,1440,4_c_imgs_46.jpg,1920,543,451,762,617
400,Exit_sign,3.7642083537784887,1440,4_c_imgs_5.jpg,1920,544,452,891,747
401,Exit_sign,3.6623668925851267,1440,4_c_imgs_6.jpg,1920,543,446,900,754
402,Exit_sign,3.7649223479147507,1440,4_c_imgs_7.jpg,1920,547,455,896,758
403,Exit_sign,3.68566221981574,1440,4_c_imgs_8.jpg,1920,549,454,899,758
404,Exit_sign,3.802787649865088,1440,4_c_imgs_9.jpg,1920,547,454,902,760
405,Exit_sign,3.8059883062418116,1440,4_d_imgs_1.jpg,1920,602,508,872,736
406,Exit_sign,3.8041723409107138,1440,4_d_imgs_10.jpg,1920,421,325,872,731
407,Exit_sign,3.893575889877614,1440,4_d_imgs_11.jpg,1920,388,295,826,677
408,Exit_sign,3.802522402473228,1440,4_d_imgs_12.jpg,1920,355,248,615,473
409,Exit_sign,3.816758552296026,1440,4_d_imgs_13.jpg,1920,370,257,426,281
410,Exit_sign,3.7548216769410865,1440,4_d_imgs_14.jpg,1920,438,342,979,833
411,Exit_sign,3.6894479952542616,1440,4_d_imgs_15.jpg,1920,336,231,1194,1042
412,Exit_sign,3.451719101311501,1440,4_d_imgs_16.jpg,1920,321,214,1103,955
413,Exit_sign,3.5810821868051215,1440,4_d_imgs_2.jpg,1920,582,484,853,708
414,Exit_sign,3.740715687505519,1440,4_d_imgs_3.jpg,1920,559,466,975,834
415,Exit_sign,3.674900821266682,1440,4_d_imgs_4.jpg,1920,553,455,885,742
416,Exit_sign,3.690935070629448,1440,4_d_imgs_5.jpg,1920,512,404,741,596
417,Exit_sign,3.7893827666700517,1440,4_d_imgs_6.jpg,1920,531,436,872,734
418,Exit_sign,3.566461902346756,1440,4_d_imgs_7.jpg,1920,438,332,1064,919
419,Exit_sign,3.5988723269502323,1440,4_d_imgs_8.jpg,1920,441,339,1294,1140
420,Exit_sign,3.784856696762773,1440,4_d_imgs_9.jpg,1920,414,316,1128,980
421,Exit_sign,4.826230175860828,1440,5_a_imgs_1.jpg,1920,540,470,814,702
422,Exit_sign,4.748662856948998,1440,5_a_imgs_10.jpg,1920,398,322,846,724
423,Exit_sign,4.976687409288248,1440,5_a_imgs_11.jpg,1920,459,389,1023,903
424,Exit_sign,4.784477499698047,1440,5_a_imgs_2.jpg,1920,487,413,874,759
425,Exit_sign,4.90110871915817,1440,5_a_imgs_3.jpg,1920,474,402,859,742
426,Exit_sign,4.803538912883221,1440,5_a_imgs_4.jpg,1920,517,445,1048,933
427,Exit_sign,4.69692241696866,1440,5_a_imgs_5.jpg,1920,467,392,841,727
428,Exit_sign,4.756756401869149,1440,5_a_imgs_6.jpg,1920,462,389,702,587
429,Exit_sign,4.756272177724226,1440,5_a_imgs_7.jpg,1920,513,438,782,666
430,Exit_sign,4.626790677727738,1440,5_a_imgs_8.jpg,1920,471,390,402,284
431,Exit_sign,4.772576772873996,1440,5_a_imgs_9.jpg,1920,376,297,582,459
432,Exit_sign,4.864540306710744,1440,5_b_imgs_1.jpg,1920,745,677,767,658
433,Exit_sign,4.772992297566676,1440,5_b_imgs_10.jpg,1920,735,666,749,639
434,Exit_sign,4.729353915525521,1440,5_b_imgs_11.jpg,1920,729,661,761,652
435,Exit_sign,4.663267103375992,1440,5_b_imgs_12.jpg,1920,723,652,781,671
436,Exit_sign,4.7252240300640755,1440,5_b_imgs_13.jpg,1920,720,652,796,687
437,Exit_sign,4.7881008376987895,1440,5_b_imgs_14.jpg,1920,721,652,816,709
438,Exit_sign,4.571259985993807,1440,5_b_imgs_15.jpg,1920,720,649,836,728
439,Exit_sign,4.801554491362602,1440,5_b_imgs_16.jpg,1920,716,647,848,739
440,Exit_sign,4.624645592785491,1440,5_b_imgs_17.jpg,1920,714,641,866,756
441,Exit_sign,4.728792995697518,1440,5_b_imgs_18.jpg,1920,715,645,890,780
442,Exit_sign,4.869000201601998,1440,5_b_imgs_19.jpg,1920,716,645,905,795
443,Exit_sign,4.837370531415362,1440,5_b_imgs_2.jpg,1920,754,687,778,671
444,Exit_sign,4.634468377727305,1440,5_b_imgs_20.jpg,1920,713,638,923,813
445,Exit_sign,4.688660419747363,1440,5_b_imgs_21.jpg,1920,698,627,942,831
446,Exit_sign,4.822420750219121,1440,5_b_imgs_22.jpg,1920,678,605,955,844
447,Exit_sign,4.491300525216112,1440,5_b_imgs_23.jpg,1920,658,581,953,842
448,Exit_sign,4.653476567894991,1440,5_b_imgs_24.jpg,1920,649,578,946,834
449,Exit_sign,4.681023874176894,1440,5_b_imgs_25.jpg,1920,656,583,939,826
450,Exit_sign,4.2963170918562215,1440,5_b_imgs_26.jpg,1920,661,584,919,807
451,Exit_sign,4.768092262084419,1440,5_b_imgs_27.jpg,1920,647,577,896,784
452,Exit_sign,4.751836063034238,1440,5_b_imgs_28.jpg,1920,645,573,867,756
453,Exit_sign,4.633984845736739,1440,5_b_imgs_29.jpg,1920,644,572,846,736
454,Exit_sign,4.640339065750024,1440,5_b_imgs_3.jpg,1920,753,685,776,671
455,Exit_sign,4.548651189853911,1440,5_b_imgs_30.jpg,1920,648,575,830,719
456,Exit_sign,4.606282477902139,1440,5_b_imgs_31.jpg,1920,656,584,804,696
457,Exit_sign,4.472884621027824,1440,5_b_imgs_32.jpg,1920,654,582,775,666
458,Exit_sign,4.9063229547631,1440,5_b_imgs_33.jpg,1920,649,583,753,645
459,Exit_sign,4.707684664901103,1440,5_b_imgs_34.jpg,1920,634,565,734,624
460,Exit_sign,4.51305747147799,1440,5_b_imgs_35.jpg,1920,620,547,707,595
461,Exit_sign,4.894932870104522,1440,5_b_imgs_36.jpg,1920,621,554,682,572
462,Exit_sign,4.670659615665459,1440,5_b_imgs_37.jpg,1920,620,550,658,547
463,Exit_sign,4.545291719983497,1440,5_b_imgs_38.jpg,1920,617,544,635,522
464,Exit_sign,4.676044561567249,1440,5_b_imgs_39.jpg,1920,620,550,620,510
465,Exit_sign,5.005222034007393,1440,5_b_imgs_4.jpg,1920,756,691,775,670
466,Exit_sign,4.872036611698716,1440,5_b_imgs_40.jpg,1920,632,563,597,485
467,Exit_sign,4.822074117338634,1440,5_b_imgs_41.jpg,1920,637,567,578,467
468,Exit_sign,4.83558544457936,1440,5_b_imgs_42.jpg,1920,632,564,554,441
469,Exit_sign,4.864984850427923,1440,5_b_imgs_43.jpg,1920,622,551,535,422
470,Exit_sign,4.514311459930416,1440,5_b_imgs_44.jpg,1920,617,542,518,405
471,Exit_sign,4.807081744769505,1440,5_b_imgs_45.jpg,1920,619,550,494,378
472,Exit_sign,4.742673178048735,1440,5_b_imgs_46.jpg,1920,624,554,473,356
473,Exit_sign,4.822857074260589,1440,5_b_imgs_47.jpg,1920,640,568,461,347
474,Exit_sign,4.688563217788403,1440,5_b_imgs_48.jpg,1920,643,570,450,333
475,Exit_sign,4.876619581379344,1440,5_b_imgs_5.jpg,1920,757,692,777,670
476,Exit_sign,4.628822576354523,1440,5_b_imgs_6.jpg,1920,755,687,773,665
477,Exit_sign,4.797273096108304,1440,5_b_imgs_7.jpg,1920,754,686,771,663
478,Exit_sign,4.602188948621796,1440,5_b_imgs_8.jpg,1920,755,686,762,655
479,Exit_sign,4.641691932692128,1440,5_b_imgs_9.jpg,1920,748,680,753,646
480,Exit_sign,4.793568659396943,1440,5_c_imgs_1.jpg,1920,623,552,787,675
481,Exit_sign,4.670846152607575,1440,5_c_imgs_10.jpg,1920,637,564,791,683
482,Exit_sign,4.726309318254226,1440,5_c_imgs_11.jpg,1920,638,567,805,696
483,Exit_sign,4.638485715488553,1440,5_c_imgs_12.jpg,1920,638,566,818,708
484,Exit_sign,4.8167937582006966,1440,5_c_imgs_13.jpg,1920,638,569,825,715
485,Exit_sign,4.516345258071244,1440,5_c_imgs_14.jpg,1920,640,567,825,713
486,Exit_sign,4.548074332698555,1440,5_c_imgs_15.jpg,1920,638,564,814,703
487,Exit_sign,4.636628273650197,1440,5_c_imgs_16.jpg,1920,641,569,808,699
488,Exit_sign,4.392199514409601,1440,5_c_imgs_17.jpg,1920,643,569,803,693
489,Exit_sign,4.79692709320505,1440,5_c_imgs_18.jpg,1920,646,575,793,684
490,Exit_sign,4.712574888886785,1440,5_c_imgs_19.jpg,1920,647,576,787,677
491,Exit_sign,4.754907831793719,1440,5_c_imgs_2.jpg,1920,617,546,793,680
492,Exit_sign,4.705673517940577,1440,5_c_imgs_20.jpg,1920,641,569,778,667
493,Exit_sign,4.713881717971289,1440,5_c_imgs_21.jpg,1920,638,566,764,652
494,Exit_sign,4.6562639482152814,1440,5_c_imgs_22.jpg,1920,643,569,750,640
495,Exit_sign,4.4512660121067515,1440,5_c_imgs_23.jpg,1920,647,573,738,628
496,Exit_sign,4.568165530704134,1440,5_c_imgs_24.jpg,1920,641,567,750,639
497,Exit_sign,4.666580927869429,1440,5_c_imgs_25.jpg,1920,634,561,753,642
498,Exit_sign,4.508632626719316,1440,5_c_imgs_26.jpg,1920,634,558,767,654
499,Exit_sign,4.515124637825838,1440,5_c_imgs_27.jpg,1920,629,557,785,673
500,Exit_sign,4.727211398907041,1440,5_c_imgs_28.jpg,1920,618,549,794,685
501,Exit_sign,4.563724754873664,1440,5_c_imgs_29.jpg,1920,623,549,808,695
502,Exit_sign,4.606470221919432,1440,5_c_imgs_3.jpg,1920,626,552,791,678
503,Exit_sign,4.65118250111039,1440,5_c_imgs_30.jpg,1920,628,555,823,713
504,Exit_sign,4.638671580152619,1440,5_c_imgs_31.jpg,1920,624,551,841,728
505,Exit_sign,4.713930568141358,1440,5_c_imgs_32.jpg,1920,624,551,840,726
506,Exit_sign,4.653501007300443,1440,5_c_imgs_33.jpg,1920,624,551,841,725
507,Exit_sign,4.600082531267355,1440,5_c_imgs_34.jpg,1920,620,546,846,734
508,Exit_sign,4.712149814594577,1440,5_c_imgs_35.jpg,1920,612,539,852,737
509,Exit_sign,4.584101290532084,1440,5_c_imgs_36.jpg,1920,623,548,846,733
510,Exit_sign,4.7057891381677495,1440,5_c_imgs_37.jpg,1920,626,554,838,727
511,Exit_sign,4.603386787566199,1440,5_c_imgs_38.jpg,1920,621,548,831,720
512,Exit_sign,4.512128582120305,1440,5_c_imgs_39.jpg,1920,614,542,828,717
513,Exit_sign,4.617523748449106,1440,5_c_imgs_4.jpg,1920,623,551,790,680
514,Exit_sign,4.274554179828374,1440,5_c_imgs_40.jpg,1920,615,539,829,718
515,Exit_sign,4.567701472072955,1440,5_c_imgs_41.jpg,1920,617,542,838,727
516,Exit_sign,4.457226847027919,1440,5_c_imgs_42.jpg,1920,609,536,838,725
517,Exit_sign,4.767979462406322,1440,5_c_imgs_43.jpg,1920,605,534,829,720
518,Exit_sign,4.5867142682191675,1440,5_c_imgs_44.jpg,1920,605,531,831,719
519,Exit_sign,4.6376503524849575,1440,5_c_imgs_45.jpg,1920,611,537,832,720
520,Exit_sign,4.650583009319192,1440,5_c_imgs_46.jpg,1920,609,539,838,725
521,Exit_sign,4.769044950896835,1440,5_c_imgs_47.jpg,1920,612,540,843,733
522,Exit_sign,4.731797533141554,1440,5_c_imgs_48.jpg,1920,600,528,846,733
523,Exit_sign,4.586313164164472,1440,5_c_imgs_49.jpg,1920,602,530,843,734
524,Exit_sign,4.626177236280031,1440,5_c_imgs_5.jpg,1920,626,552,793,681
525,Exit_sign,4.680804035707034,1440,5_c_imgs_50.jpg,1920,603,530,855,744
526,Exit_sign,4.484709580515439,1440,5_c_imgs_51.jpg,1920,597,522,861,752
527,Exit_sign,4.625435752358938,1440,5_c_imgs_52.jpg,1920,593,520,859,744
528,Exit_sign,4.451944361647452,1440,5_c_imgs_53.jpg,1920,612,534,864,752
529,Exit_sign,4.725457170261731,1440,5_c_imgs_54.jpg,1920,606,534,873,763
530,Exit_sign,4.572664191966809,1440,5_c_imgs_6.jpg,1920,629,554,790,677
531,Exit_sign,4.614209005098409,1440,5_c_imgs_7.jpg,1920,629,558,790,678
532,Exit_sign,4.817052595985348,1440,5_c_imgs_8.jpg,1920,631,561,790,681
533,Exit_sign,4.503964160073849,1440,5_c_imgs_9.jpg,1920,635,563,790,678
534,Exit_sign,4.663683841562351,1440,5_d_imgs_1.jpg,1920,537,463,913,801
535,Exit_sign,4.601664398153214,1440,5_d_imgs_10.jpg,1920,460,382,810,698
536,Exit_sign,4.464996025440077,1440,5_d_imgs_11.jpg,1920,462,384,900,784
537,Exit_sign,4.6091136064772655,1440,5_d_imgs_12.jpg,1920,461,381,1016,896
538,Exit_sign,4.6741213808201785,1440,5_d_imgs_13.jpg,1920,537,462,1123,1007
539,Exit_sign,4.593953500206559,1440,5_d_imgs_2.jpg,1920,491,414,905,793
540,Exit_sign,4.628666170096706,1440,5_d_imgs_3.jpg,1920,537,461,843,730
541,Exit_sign,4.58110219030576,1440,5_d_imgs_4.jpg,1920,530,452,929,814
542,Exit_sign,4.6377807620280285,1440,5_d_imgs_5.jpg,1920,509,432,1000,885
543,Exit_sign,4.617211630008354,1440,5_d_imgs_6.jpg,1920,529,454,944,831
544,Exit_sign,4.63171404659447,1440,5_d_imgs_7.jpg,1920,520,445,905,793
545,Exit_sign,4.821570591577346,1440,5_d_imgs_8.jpg,1920,577,505,870,755
546,Exit_sign,4.389496624473876,1440,5_d_imgs_9.jpg,1920,488,408,800,680
547,Exit_sign,5.707048300084404,1440,6_a_imgs_1.jpg,1920,529,468,864,771
548,Exit_sign,5.48595745598076,1440,6_a_imgs_10.jpg,1920,462,398,852,758
549,Exit_sign,5.740813764905695,1440,6_a_imgs_11.jpg,1920,420,358,762,665
550,Exit_sign,5.495322251186995,1440,6_a_imgs_12.jpg,1920,435,371,733,635
551,Exit_sign,5.381517268201594,1440,6_a_imgs_13.jpg,1920,431,364,663,566
552,Exit_sign,5.318032797663314,1440,6_a_imgs_2.jpg,1920,524,460,848,753
553,Exit_sign,5.66234097937214,1440,6_a_imgs_3.jpg,1920,522,459,487,390
554,Exit_sign,5.378366078337166,1440,6_a_imgs_4.jpg,1920,496,432,706,611
555,Exit_sign,5.4228484500613945,1440,6_a_imgs_5.jpg,1920,513,447,834,741
556,Exit_sign,5.653597680675186,1440,6_a_imgs_6.jpg,1920,455,392,711,614
557,Exit_sign,5.4702791778882025,1440,6_a_imgs_7.jpg,1920,412,343,710,609
558,Exit_sign,5.256159485571852,1440,6_a_imgs_8.jpg,1920,426,356,753,655
559,Exit_sign,5.566565572281407,1440,6_a_imgs_9.jpg,1920,448,383,850,753
560,Exit_sign,5.655270768160328,1440,6_b_imgs_1.jpg,1920,836,779,713,624
561,Exit_sign,5.477433705681961,1440,6_b_imgs_10.jpg,1920,826,769,751,662
562,Exit_sign,5.3849338404399525,1440,6_b_imgs_11.jpg,1920,822,764,772,682
563,Exit_sign,5.291146152420375,1440,6_b_imgs_12.jpg,1920,817,758,787,697
564,Exit_sign,5.428996835568062,1440,6_b_imgs_13.jpg,1920,815,757,797,706
565,Exit_sign,5.348976131003287,1440,6_b_imgs_14.jpg,1920,814,753,810,717
566,Exit_sign,5.449295044380446,1440,6_b_imgs_15.jpg,1920,811,752,825,735
567,Exit_sign,5.454302551134801,1440,6_b_imgs_16.jpg,1920,806,747,850,759
568,Exit_sign,5.400529189716049,1440,6_b_imgs_17.jpg,1920,799,741,870,778
569,Exit_sign,5.46932371028596,1440,6_b_imgs_18.jpg,1920,801,740,891,801
570,Exit_sign,5.375979428187389,1440,6_b_imgs_19.jpg,1920,796,735,913,821
571,Exit_sign,5.560343510854442,1440,6_b_imgs_2.jpg,1920,836,778,720,630
572,Exit_sign,5.56229684149366,1440,6_b_imgs_20.jpg,1920,795,735,928,835
573,Exit_sign,5.4843149525762955,1440,6_b_imgs_21.jpg,1920,790,730,943,850
574,Exit_sign,5.127079401107547,1440,6_b_imgs_22.jpg,1920,782,720,970,877
575,Exit_sign,5.468488707125248,1440,6_b_imgs_23.jpg,1920,773,711,999,904
576,Exit_sign,5.340684061338404,1440,6_b_imgs_24.jpg,1920,768,707,1008,915
577,Exit_sign,5.3406472431518255,1440,6_b_imgs_25.jpg,1920,764,703,1010,915
578,Exit_sign,5.40987761174383,1440,6_b_imgs_26.jpg,1920,761,698,1020,925
579,Exit_sign,5.549826222008285,1440,6_b_imgs_27.jpg,1920,746,685,1022,927
580,Exit_sign,5.275327936357227,1440,6_b_imgs_28.jpg,1920,737,675,1008,911
581,Exit_sign,5.462564832379946,1440,6_b_imgs_29.jpg,1920,733,672,984,890
582,Exit_sign,5.637219674590791,1440,6_b_imgs_3.jpg,1920,835,778,723,630
583,Exit_sign,5.3956448858855826,1440,6_b_imgs_30.jpg,1920,736,675,966,872
584,Exit_sign,5.36269010063929,1440,6_b_imgs_31.jpg,1920,735,674,937,844
585,Exit_sign,5.4484396469393115,1440,6_b_imgs_32.jpg,1920,727,666,919,826
586,Exit_sign,5.3761536271909,1440,6_b_imgs_33.jpg,1920,715,654,898,806
587,Exit_sign,5.386368799177133,1440,6_b_imgs_34.jpg,1920,700,639,871,779
588,Exit_sign,5.4325544670138495,1440,6_b_imgs_35.jpg,1920,689,630,845,753
589,Exit_sign,5.59328682650584,1440,6_b_imgs_36.jpg,1920,667,608,820,730
590,Exit_sign,5.281215608868321,1440,6_b_imgs_37.jpg,1920,655,594,799,707
591,Exit_sign,5.450405198093882,1440,6_b_imgs_38.jpg,1920,640,579,789,697
592,Exit_sign,5.4257936206688795,1440,6_b_imgs_39.jpg,1920,621,561,787,695
593,Exit_sign,5.372894123185012,1440,6_b_imgs_4.jpg,1920,837,779,722,633
594,Exit_sign,5.341874409990112,1440,6_b_imgs_40.jpg,1920,611,550,772,680
595,Exit_sign,5.321321133131042,1440,6_b_imgs_41.jpg,1920,575,513,734,639
596,Exit_sign,5.514714114202596,1440,6_b_imgs_42.jpg,1920,566,504,701,606
597,Exit_sign,5.324462341008823,1440,6_b_imgs_43.jpg,1920,575,513,682,588
598,Exit_sign,5.308839344625491,1440,6_b_imgs_44.jpg,1920,584,522,673,580
599,Exit_sign,5.292351886735858,1440,6_b_imgs_45.jpg,1920,595,533,659,566
600,Exit_sign,5.1897816262508005,1440,6_b_imgs_46.jpg,1920,609,546,644,548
601,Exit_sign,5.455485910561881,1440,6_b_imgs_47.jpg,1920,618,556,621,527
602,Exit_sign,5.5228443862936505,1440,6_b_imgs_48.jpg,1920,627,566,603,510
603,Exit_sign,5.286698162242232,1440,6_b_imgs_49.jpg,1920,637,575,588,495
604,Exit_sign,5.37153675282367,1440,6_b_imgs_5.jpg,1920,833,775,722,633
605,Exit_sign,5.292620331157658,1440,6_b_imgs_50.jpg,1920,638,576,580,486
606,Exit_sign,5.561565586587803,1440,6_b_imgs_51.jpg,1920,642,581,565,470
607,Exit_sign,5.339011505454606,1440,6_b_imgs_52.jpg,1920,647,586,547,453
608,Exit_sign,5.438515530682245,1440,6_b_imgs_53.jpg,1920,653,591,530,435
609,Exit_sign,5.347855377416456,1440,6_b_imgs_54.jpg,1920,662,599,510,414
610,Exit_sign,5.4294607282421135,1440,6_b_imgs_55.jpg,1920,668,605,484,387
611,Exit_sign,5.489204083261985,1440,6_b_imgs_56.jpg,1920,670,607,466,371
612,Exit_sign,5.533586562276982,1440,6_b_imgs_57.jpg,1920,674,612,459,362
613,Exit_sign,5.27328886912235,1440,6_b_imgs_58.jpg,1920,673,610,448,350
614,Exit_sign,5.491651187875401,1440,6_b_imgs_59.jpg,1920,675,612,446,350
615,Exit_sign,5.475672221575649,1440,6_b_imgs_6.jpg,1920,833,776,725,636
616,Exit_sign,5.460173476032764,1440,6_b_imgs_60.jpg,1920,674,611,439,342
617,Exit_sign,5.412681208029948,1440,6_b_imgs_61.jpg,1920,672,609,439,343
618,Exit_sign,5.275608658722027,1440,6_b_imgs_62.jpg,1920,670,607,441,345
619,Exit_sign,5.283325530841997,1440,6_b_imgs_63.jpg,1920,667,603,442,345
620,Exit_sign,5.479235630301994,1440,6_b_imgs_7.jpg,1920,833,776,730,640
621,Exit_sign,5.567816403759536,1440,6_b_imgs_8.jpg,1920,828,770,736,647
622,Exit_sign,5.480991153914258,1440,6_b_imgs_9.jpg,1920,824,767,742,653
623,Exit_sign,5.556075750805805,1440,6_c_imgs_1.jpg,1920,628,567,847,755
624,Exit_sign,5.684637215322106,1440,6_c_imgs_10.jpg,1920,664,605,1106,1011
625,Exit_sign,5.737595706935543,1440,6_c_imgs_11.jpg,1920,667,609,1075,979
626,Exit_sign,5.6153862916083765,1440,6_c_imgs_12.jpg,1920,678,619,1016,922
627,Exit_sign,5.547209901068378,1440,6_c_imgs_13.jpg,1920,681,621,968,872
628,Exit_sign,5.573760388784013,1440,6_c_imgs_14.jpg,1920,682,623,922,828
629,Exit_sign,5.616447412914267,1440,6_c_imgs_15.jpg,1920,684,625,881,789
630,Exit_sign,5.477968102037462,1440,6_c_imgs_16.jpg,1920,682,621,845,752
631,Exit_sign,5.5150137730262685,1440,6_c_imgs_17.jpg,1920,685,625,802,710
632,Exit_sign,5.463543112971795,1440,6_c_imgs_18.jpg,1920,691,631,761,670
633,Exit_sign,5.604330454359676,1440,6_c_imgs_19.jpg,1920,687,627,722,631
634,Exit_sign,5.587362680725737,1440,6_c_imgs_2.jpg,1920,631,571,850,757
635,Exit_sign,5.390585123182638,1440,6_c_imgs_20.jpg,1920,688,626,683,590
636,Exit_sign,5.529755183333535,1440,6_c_imgs_21.jpg,1920,691,633,652,558
637,Exit_sign,5.459645657569355,1440,6_c_imgs_22.jpg,1920,675,614,614,518
638,Exit_sign,5.433975068303045,1440,6_c_imgs_23.jpg,1920,669,606,562,466
639,Exit_sign,5.537383740656391,1440,6_c_imgs_24.jpg,1920,658,596,508,413
640,Exit_sign,5.53162388559882,1440,6_c_imgs_25.jpg,1920,637,573,464,367
641,Exit_sign,5.577232271475825,1440,6_c_imgs_26.jpg,1920,610,546,451,354
642,Exit_sign,5.4342269153429985,1440,6_c_imgs_27.jpg,1920,581,516,462,367
643,Exit_sign,5.488776915681082,1440,6_c_imgs_28.jpg,1920,578,516,485,387
644,Exit_sign,5.3663920944809025,1440,6_c_imgs_29.jpg,1920,580,517,531,434
645,Exit_sign,5.706323671414975,1440,6_c_imgs_3.jpg,1920,639,581,851,758
646,Exit_sign,5.273501915218047,1440,6_c_imgs_30.jpg,1920,581,514,577,479
647,Exit_sign,5.399717194308302,1440,6_c_imgs_31.jpg,1920,595,534,603,508
648,Exit_sign,5.639783627197205,1440,6_c_imgs_32.jpg,1920,601,540,617,523
649,Exit_sign,5.622271128518553,1440,6_c_imgs_33.jpg,1920,615,555,626,534
650,Exit_sign,5.512095945705881,1440,6_c_imgs_34.jpg,1920,635,573,640,548
651,Exit_sign,5.532658107089551,1440,6_c_imgs_35.jpg,1920,646,585,643,550
652,Exit_sign,5.615039133316345,1440,6_c_imgs_36.jpg,1920,647,587,647,554
653,Exit_sign,5.282128102039678,1440,6_c_imgs_37.jpg,1920,664,602,651,558
654,Exit_sign,5.5789045128761465,1440,6_c_imgs_38.jpg,1920,676,616,659,567
655,Exit_sign,5.5552421244405465,1440,6_c_imgs_39.jpg,1920,694,633,664,572
656,Exit_sign,5.432258988542158,1440,6_c_imgs_4.jpg,1920,647,587,853,760
657,Exit_sign,5.414853726704552,1440,6_c_imgs_40.jpg,1920,694,633,668,577
658,Exit_sign,5.439344546110391,1440,6_c_imgs_41.jpg,1920,690,628,677,586
659,Exit_sign,5.565994231446291,1440,6_c_imgs_42.jpg,1920,685,625,687,596
660,Exit_sign,5.386819456173411,1440,6_c_imgs_43.jpg,1920,711,651,695,604
661,Exit_sign,5.626263559506935,1440,6_c_imgs_44.jpg,1920,708,649,698,608
662,Exit_sign,5.4053197887100835,1440,6_c_imgs_45.jpg,1920,706,646,698,607
663,Exit_sign,5.580057814966174,1440,6_c_imgs_46.jpg,1920,708,648,697,607
664,Exit_sign,5.516161694127267,1440,6_c_imgs_47.jpg,1920,696,637,706,613
665,Exit_sign,5.335760603731591,1440,6_c_imgs_48.jpg,1920,682,622,714,623
666,Exit_sign,5.580850305434788,1440,6_c_imgs_49.jpg,1920,667,607,744,653
667,Exit_sign,5.60382401188127,1440,6_c_imgs_5.jpg,1920,654,595,873,780
668,Exit_sign,5.558128227606715,1440,6_c_imgs_50.jpg,1920,662,604,765,673
669,Exit_sign,5.336348708002023,1440,6_c_imgs_51.jpg,1920,664,601,788,695
670,Exit_sign,5.551600341647768,1440,6_c_imgs_52.jpg,1920,659,599,801,710
671,Exit_sign,5.5154408597315445,1440,6_c_imgs_53.jpg,1920,653,595,796,704
672,Exit_sign,5.534992823009262,1440,6_c_imgs_54.jpg,1920,653,593,790,695
673,Exit_sign,5.481246095842975,1440,6_c_imgs_55.jpg,1920,645,584,788,696
674,Exit_sign,5.672043747715041,1440,6_c_imgs_6.jpg,1920,663,605,932,837
675,Exit_sign,5.370440261600672,1440,6_c_imgs_7.jpg,1920,671,608,985,887
676,Exit_sign,5.547451437419423,1440,6_c_imgs_8.jpg,1920,661,601,1045,949
677,Exit_sign,5.655302196914905,1440,6_c_imgs_9.jpg,1920,667,608,1084,989
678,Exit_sign,5.5497512728136,1440,6_d_imgs_1.jpg,1920,537,475,968,874
679,Exit_sign,5.87657908052033,1440,6_d_imgs_10.jpg,1920,460,397,1312,1210
680,Exit_sign,5.7924953711993155,1440,6_d_imgs_11.jpg,1920,519,458,1224,1127
681,Exit_sign,5.7722137714889845,1440,6_d_imgs_12.jpg,1920,515,453,1166,1071
682,Exit_sign,5.727006824583428,1440,6_d_imgs_13.jpg,1920,493,430,1078,986
683,Exit_sign,5.667583866201958,1440,6_d_imgs_14.jpg,1920,421,355,1179,1082
684,Exit_sign,5.812939615617309,1440,6_d_imgs_15.jpg,1920,417,354,1158,1061
685,Exit_sign,5.624508483159608,1440,6_d_imgs_16.jpg,1920,445,381,913,820
686,Exit_sign,5.735221788446477,1440,6_d_imgs_17.jpg,1920,450,388,1010,912
687,Exit_sign,5.646225635562263,1440,6_d_imgs_18.jpg,1920,331,265,930,838
688,Exit_sign,5.208176384276259,1440,6_d_imgs_19.jpg,1920,390,319,770,676
689,Exit_sign,5.443244510550625,1440,6_d_imgs_2.jpg,1920,529,465,979,875
690,Exit_sign,5.460007104475976,1440,6_d_imgs_20.jpg,1920,413,348,736,641
691,Exit_sign,5.656338123441068,1440,6_d_imgs_21.jpg,1920,446,382,820,727
692,Exit_sign,5.527523618091427,1440,6_d_imgs_3.jpg,1920,555,491,809,713
693,Exit_sign,5.498515681108409,1440,6_d_imgs_4.jpg,1920,512,446,912,816
694,Exit_sign,5.492714523516504,1440,6_d_imgs_5.jpg,1920,460,396,1099,1002
695,Exit_sign,5.3265006495670315,1440,6_d_imgs_6.jpg,1920,518,451,1132,1034
696,Exit_sign,5.690168039534842,1440,6_d_imgs_7.jpg,1920,521,459,1158,1060
697,Exit_sign,5.769295761488294,1440,6_d_imgs_8.jpg,1920,434,370,1286,1185
698,Exit_sign,5.687248499591354,1440,6_d_imgs_9.jpg,1920,455,391,1238,1140
699,Exit_sign,6.275708489169398,1440,7_a_imgs_1.jpg,1920,495,441,783,701
700,Exit_sign,6.268428546745369,1440,7_a_imgs_10.jpg,1920,400,341,774,681
701,Exit_sign,6.036770438000274,1440,7_a_imgs_11.jpg,1920,424,366,829,744
702,Exit_sign,5.907317146578063,1440,7_a_imgs_12.jpg,1920,511,452,907,823
703,Exit_sign,6.404482648885383,1440,7_a_imgs_2.jpg,1920,515,461,742,659
704,Exit_sign,6.094113179054617,1440,7_a_imgs_3.jpg,1920,468,409,626,543
705,Exit_sign,6.26561677839595,1440,7_a_imgs_4.jpg,1920,573,519,777,699
706,Exit_sign,6.3469576618048125,1440,7_a_imgs_6.jpg,1920,435,380,497,412
707,Exit_sign,6.493211150894708,1440,7_a_imgs_7.jpg,1920,433,377,371,286
708,Exit_sign,6.095936064052645,1440,7_a_imgs_8.jpg,1920,370,307,462,370
709,Exit_sign,6.113462338848711,1440,7_a_imgs_9.jpg,1920,463,406,500,415
710,Exit_sign,6.258852238981719,1440,7_b_imgs_1.jpg,1920,618,566,792,712
711,Exit_sign,6.279220670961868,1440,7_b_imgs_10.jpg,1920,614,562,676,596
712,Exit_sign,6.421967129436297,1440,7_b_imgs_11.jpg,1920,612,561,658,577
713,Exit_sign,6.285431551365666,1440,7_b_imgs_12.jpg,1920,612,560,642,561
714,Exit_sign,6.172865338571089,1440,7_b_imgs_13.jpg,1920,612,559,615,535
715,Exit_sign,6.23841612057061,1440,7_b_imgs_14.jpg,1920,610,557,602,522
716,Exit_sign,6.483766891226201,1440,7_b_imgs_15.jpg,1920,610,558,609,527
717,Exit_sign,6.300246040723874,1440,7_b_imgs_16.jpg,1920,610,558,634,553
718,Exit_sign,6.297397885280834,1440,7_b_imgs_17.jpg,1920,604,552,662,581
719,Exit_sign,6.310971062557175,1440,7_b_imgs_18.jpg,1920,591,539,697,617
720,Exit_sign,6.058072043916368,1440,7_b_imgs_19.jpg,1920,599,545,723,642
721,Exit_sign,6.29926299032855,1440,7_b_imgs_2.jpg,1920,598,546,781,702
722,Exit_sign,6.291965236070373,1440,7_b_imgs_20.jpg,1920,601,549,751,671
723,Exit_sign,6.41524452666906,1440,7_b_imgs_21.jpg,1920,605,554,781,700
724,Exit_sign,5.957489900007731,1440,7_b_imgs_22.jpg,1920,600,545,826,742
725,Exit_sign,6.399499144166933,1440,7_b_imgs_23.jpg,1920,587,534,861,780
726,Exit_sign,6.478980520235839,1440,7_b_imgs_24.jpg,1920,583,531,876,796
727,Exit_sign,6.091760763428851,1440,7_b_imgs_25.jpg,1920,553,498,884,804
728,Exit_sign,6.146662766063191,1440,7_b_imgs_26.jpg,1920,524,469,885,802
729,Exit_sign,6.468114454492691,1440,7_b_imgs_27.jpg,1920,524,471,874,793
730,Exit_sign,6.133806122420213,1440,7_b_imgs_28.jpg,1920,531,476,847,766
731,Exit_sign,6.438097991990385,1440,7_b_imgs_29.jpg,1920,528,476,822,740
732,Exit_sign,6.41937250126446,1440,7_b_imgs_3.jpg,1920,601,550,776,698
733,Exit_sign,6.423969466736259,1440,7_b_imgs_30.jpg,1920,544,491,808,728
734,Exit_sign,6.380640494339619,1440,7_b_imgs_31.jpg,1920,555,503,806,725
735,Exit_sign,6.198884623492827,1440,7_b_imgs_32.jpg,1920,588,535,807,727
736,Exit_sign,6.397060842453756,1440,7_b_imgs_33.jpg,1920,624,572,814,735
737,Exit_sign,6.36890938863476,1440,7_b_imgs_34.jpg,1920,641,589,807,728
738,Exit_sign,6.588472565193709,1440,7_b_imgs_35.jpg,1920,654,604,809,731
739,Exit_sign,6.370322166654873,1440,7_b_imgs_36.jpg,1920,671,619,811,731
740,Exit_sign,6.415285663700837,1440,7_b_imgs_37.jpg,1920,687,637,808,729
741,Exit_sign,6.253244531646135,1440,7_b_imgs_38.jpg,1920,704,653,800,722
742,Exit_sign,6.263502493954635,1440,7_b_imgs_39.jpg,1920,715,663,791,712
743,Exit_sign,6.172843182852128,1440,7_b_imgs_4.jpg,1920,601,548,772,692
744,Exit_sign,6.470135710115483,1440,7_b_imgs_40.jpg,1920,739,688,785,707
745,Exit_sign,6.128103107201474,1440,7_b_imgs_41.jpg,1920,750,698,779,700
746,Exit_sign,6.288669766217917,1440,7_b_imgs_42.jpg,1920,776,726,777,699
747,Exit_sign,6.648821033942699,1440,7_b_imgs_43.jpg,1920,805,757,780,702
748,Exit_sign,6.52654755007168,1440,7_b_imgs_44.jpg,1920,819,771,782,705
749,Exit_sign,6.248092125664628,1440,7_b_imgs_45.jpg,1920,823,773,786,709
750,Exit_sign,6.450168048502968,1440,7_b_imgs_46.jpg,1920,816,766,780,702
751,Exit_sign,6.387806747497386,1440,7_b_imgs_47.jpg,1920,816,767,777,700
752,Exit_sign,6.115061574601172,1440,7_b_imgs_5.jpg,1920,599,545,762,680
753,Exit_sign,6.293221087144473,1440,7_b_imgs_6.jpg,1920,605,553,747,666
754,Exit_sign,6.166861404951388,1440,7_b_imgs_7.jpg,1920,605,552,733,653
755,Exit_sign,6.414311304158688,1440,7_b_imgs_8.jpg,1920,605,554,717,638
756,Exit_sign,6.408550858412292,1440,7_b_imgs_9.jpg,1920,609,558,699,621
757,Exit_sign,6.772059123574388,1440,7_d_imgs_1.jpg,1920,439,387,876,793
758,Exit_sign,6.485794436749252,1440,7_d_imgs_10.jpg,1920,547,494,947,864
759,Exit_sign,6.624082511086508,1440,7_d_imgs_11.jpg,1920,355,294,1015,928
760,Exit_sign,6.586445156029165,1440,7_d_imgs_12.jpg,1920,474,419,853,774
761,Exit_sign,6.412995162179217,1440,7_d_imgs_13.jpg,1920,494,439,628,547
762,Exit_sign,6.13252862539374,1440,7_d_imgs_14.jpg,1920,512,452,475,391
763,Exit_sign,6.516141572828882,1440,7_d_imgs_15.jpg,1920,499,445,615,533
764,Exit_sign,6.358484550849197,1440,7_d_imgs_16.jpg,1920,521,467,854,773
765,Exit_sign,6.468387083539161,1440,7_d_imgs_17.jpg,1920,519,466,909,823
766,Exit_sign,6.599415307156775,1440,7_d_imgs_2.jpg,1920,469,416,880,800
767,Exit_sign,6.438521455878948,1440,7_d_imgs_3.jpg,1920,478,425,1009,925
768,Exit_sign,6.671529988704118,1440,7_d_imgs_4.jpg,1920,496,444,952,870
769,Exit_sign,6.515103192458019,1440,7_d_imgs_5.jpg,1920,509,455,916,833
770,Exit_sign,6.504925450942057,1440,7_d_imgs_6.jpg,1920,537,485,641,560
771,Exit_sign,6.4247749704310495,1440,7_d_imgs_7.jpg,1920,596,545,760,683
772,Exit_sign,6.466465801350669,1440,7_d_imgs_8.jpg,1920,593,541,878,799
773,Exit_sign,6.112457787291636,1440,7_d_imgs_9.jpg,1920,593,539,782,704
774,Exit_sign,6.829057791674678,1440,8_a_imgs_1.jpg,1920,467,416,695,623
775,Exit_sign,7.544830039498251,1440,8_a_imgs_10.jpg,1920,482,436,930,856
776,Exit_sign,7.491142916424792,1440,8_a_imgs_11.jpg,1920,452,406,747,675
777,Exit_sign,7.319975817760301,1440,8_a_imgs_12.jpg,1920,533,487,494,422
778,Exit_sign,7.278320700098749,1440,8_a_imgs_2.jpg,1920,493,446,720,649
779,Exit_sign,6.55881889751935,1440,8_a_imgs_3.jpg,1920,495,443,654,583
780,Exit_sign,6.904321742010001,1440,8_a_imgs_4.jpg,1920,503,454,587,516
781,Exit_sign,7.599242118915017,1440,8_a_imgs_5.jpg,1920,428,380,435,361
782,Exit_sign,6.729453978810363,1440,8_a_imgs_6.jpg,1920,444,392,610,535
783,Exit_sign,7.258462834826698,1440,8_a_imgs_7.jpg,1920,420,367,685,607
784,Exit_sign,7.2901188226710945,1440,8_a_imgs_8.jpg,1920,469,420,912,839
785,Exit_sign,7.25300116763247,1440,8_a_imgs_9.jpg,1920,473,425,846,773
786,Exit_sign,7.5834884262061975,1440,8_d_imgs_1.jpg,1920,592,548,825,755
787,Exit_sign,7.388089840375697,1440,8_d_imgs_10.jpg,1920,525,478,1021,950
788,Exit_sign,7.433362088690505,1440,8_d_imgs_11.jpg,1920,429,380,1001,928
789,Exit_sign,7.486683180273859,1440,8_d_imgs_12.jpg,1920,509,464,804,736
790,Exit_sign,7.638433247886204,1440,8_d_imgs_13.jpg,1920,523,479,728,659
791,Exit_sign,7.45410513876162,1440,8_d_imgs_14.jpg,1920,571,525,925,852
792,Exit_sign,7.678457345008376,1440,8_d_imgs_15.jpg,1920,564,518,893,825
793,Exit_sign,7.257748471205623,1440,8_d_imgs_16.jpg,1920,573,527,855,786
794,Exit_sign,7.44624154126304,1440,8_d_imgs_17.jpg,1920,535,490,646,575
795,Exit_sign,7.453775302989703,1440,8_d_imgs_2.jpg,1920,581,536,842,772
796,Exit_sign,7.57837445830771,1440,8_d_imgs_3.jpg,1920,599,555,877,807
797,Exit_sign,7.548834824400474,1440,8_d_imgs_4.jpg,1920,617,572,1068,995
798,Exit_sign,7.615042059838451,1440,8_d_imgs_5.jpg,1920,581,537,774,706
799,Exit_sign,7.354863535799147,1440,8_d_imgs_6.jpg,1920,525,478,457,379
800,Exit_sign,6.517091421933622,1440,8_d_imgs_7.jpg,1920,540,488,442,374
801,Exit_sign,7.5922460350434084,1440,8_d_imgs_8.jpg,1920,537,493,696,626
802,Exit_sign,7.35506892913522,1440,8_d_imgs_9.jpg,1920,553,506,825,756
803,Exit_sign,8.14585285625084,1440,9_a_imgs_1.jpg,1920,481,437,720,657
804,Exit_sign,8.064639807841674,1440,9_a_imgs_10.jpg,1920,584,543,577,514
805,Exit_sign,7.928902481004966,1440,9_a_imgs_11.jpg,1920,578,536,637,575
806,Exit_sign,7.160641676543345,1440,9_a_imgs_12.jpg,1920,565,519,762,698
807,Exit_sign,8.0707072803281,1440,9_a_imgs_13.jpg,1920,521,477,615,549
808,Exit_sign,7.6487669912760365,1440,9_a_imgs_14.jpg,1920,502,456,826,756
809,Exit_sign,7.811810591322642,1440,9_a_imgs_15.jpg,1920,503,460,696,628
810,Exit_sign,6.589266883916753,1440,9_a_imgs_2.jpg,1920,559,509,782,720
811,Exit_sign,8.60443327395784,1440,9_a_imgs_3.jpg,1920,737,700,849,789
812,Exit_sign,7.495793191043567,1440,9_a_imgs_4.jpg,1920,694,650,764,703
813,Exit_sign,8.183578463457568,1440,9_a_imgs_5.jpg,1920,612,570,778,716
814,Exit_sign,7.48777198350217,1440,9_a_imgs_6.jpg,1920,591,545,921,847
815,Exit_sign,8.150282249914417,1440,9_a_imgs_7.jpg,1920,733,693,982,919
816,Exit_sign,7.424379786376544,1440,9_a_imgs_8.jpg,1920,636,590,632,568
817,Exit_sign,6.9837330903525645,1440,9_a_imgs_9.jpg,1920,624,577,612,549
818,Exit_sign,8.51385793001708,1440,9_d_imgs_1.jpg,1920,629,589,902,837
819,Exit_sign,8.245970043212795,1440,9_d_imgs_10.jpg,1920,553,512,563,498
820,Exit_sign,8.865374434220085,1440,9_d_imgs_11.jpg,1920,497,458,851,788
821,Exit_sign,8.416885249970708,1440,9_d_imgs_12.jpg,1920,485,443,969,905
822,Exit_sign,8.601654555711798,1440,9_d_imgs_2.jpg,1920,574,535,905,843
823,Exit_sign,8.496545318295363,1440,9_d_imgs_3.jpg,1920,567,526,769,707
824,Exit_sign,8.873668736198898,1440,9_d_imgs_4.jpg,1920,586,548,761,698
825,Exit_sign,8.459159283179023,1440,9_d_imgs_5.jpg,1920,617,577,794,731
826,Exit_sign,8.350143292813547,1440,9_d_imgs_6.jpg,1920,579,537,1015,952
827,Exit_sign,8.349526995544446,1440,9_d_imgs_7.jpg,1920,445,401,1055,989
828,Exit_sign,8.771660869495294,1440,9_d_imgs_8.jpg,1920,589,551,798,738
829,Exit_sign,8.143361509418277,1440,9_d_imgs_9.jpg,1920,595,554,731,668
